<?xml version="1.0" encoding="UTF-8"?>
<project-private xmlns="http://www.netbeans.org/ns/project-private/1">
    <editor-bookmarks xmlns="http://www.netbeans.org/ns/editor-bookmarks/2" lastBookmarkId="0"/>
    <open-files xmlns="http://www.netbeans.org/ns/projectui-open-files/2">
        <group>
            <file>file:/C:/Users/Hajbi/Documents/NetBeansProjects/Discussions/src/workshopdb/entities/Discussion.java</file>
            <file>file:/C:/Users/Hajbi/Documents/NetBeansProjects/Discussions/src/workshopdb/services/InscritEtudiant.java</file>
            <file>file:/C:/Users/Hajbi/Documents/NetBeansProjects/Discussions/src/workshopdb/utils/Main2.java</file>
            <file>file:/C:/Users/Hajbi/Documents/NetBeansProjects/Discussions/src/workshopdb/services/DiscussionService.java</file>
            <file>file:/C:/Users/Hajbi/Documents/NetBeansProjects/Discussions/src/workshopdb/entities/Planning.java</file>
            <file>file:/C:/Users/Hajbi/Documents/NetBeansProjects/Discussions/src/workshopdb/utils/main1.java</file>
            <file>file:/C:/Users/Hajbi/Documents/NetBeansProjects/Discussions/src/workshopdb/entities/Etudiant.java</file>
            <file>file:/C:/Users/Hajbi/Documents/NetBeansProjects/Discussions/src/workshopdb/utils/Mydb1.java</file>
            <file>file:/C:/Users/Hajbi/Documents/NetBeansProjects/Discussions/src/workshopdb/services/EvennementService.java</file>
            <file>file:/C:/Users/Hajbi/Documents/NetBeansProjects/Discussions/src/workshopdb/utils/Main3.java</file>
            <file>file:/C:/Users/Hajbi/Documents/NetBeansProjects/Discussions/src/workshopdb/entities/Evennement.java</file>
            <file>file:/C:/Users/Hajbi/Documents/NetBeansProjects/Discussions/src/workshopdb/utils/Main4.java</file>
            <file>file:/C:/Users/Hajbi/Documents/NetBeansProjects/Discussions/src/workshopdb/entities/InscriPlanning.java</file>
            <file>file:/C:/Users/Hajbi/Documents/NetBeansProjects/Discussions/src/workshopdb/services/PlanningService.java</file>
        </group>
    </open-files>
</project-private>
